step,correct_token_mean,incorrect_token_mean,experiment
1,0.00486124994677084,0.002259311680973042,qwen3gen-tooluse-SDPO_TR-Qwen-Qwen3-4B-mbs32-tr0.1-train32-rollout8-lr1e-5-vllm0.8-newrepo-sdpo-200clean-jsdhist3
2,0.00540284159615112,0.0005864601334906183,qwen3gen-tooluse-SDPO_TR-Qwen-Qwen3-4B-mbs32-tr0.1-train32-rollout8-lr1e-5-vllm0.8-newrepo-sdpo-200clean-jsdhist3
3,0.007113196851605608,0.0029984790162416175,qwen3gen-tooluse-SDPO_TR-Qwen-Qwen3-4B-mbs32-tr0.1-train32-rollout8-lr1e-5-vllm0.8-newrepo-sdpo-200clean-jsdhist3
4,0.00972656803423888,0.0022401448732125573,qwen3gen-tooluse-SDPO_TR-Qwen-Qwen3-4B-mbs32-tr0.1-train32-rollout8-lr1e-5-vllm0.8-newrepo-sdpo-200clean-jsdhist3
5,0.004379958780191373,0.0026944201381411403,qwen3gen-tooluse-SDPO_TR-Qwen-Qwen3-4B-mbs32-tr0.1-train32-rollout8-lr1e-5-vllm0.8-newrepo-sdpo-200clean-jsdhist3
6,0.011146389540044765,0.003475615223578643,qwen3gen-tooluse-SDPO_TR-Qwen-Qwen3-4B-mbs32-tr0.1-train32-rollout8-lr1e-5-vllm0.8-newrepo-sdpo-200clean-jsdhist3
7,0.009238944584012643,0.0012482910824473947,qwen3gen-tooluse-SDPO_TR-Qwen-Qwen3-4B-mbs32-tr0.1-train32-rollout8-lr1e-5-vllm0.8-newrepo-sdpo-200clean-jsdhist3
8,0.004854712967301111,0.0,qwen3gen-tooluse-SDPO_TR-Qwen-Qwen3-4B-mbs32-tr0.1-train32-rollout8-lr1e-5-vllm0.8-newrepo-sdpo-200clean-jsdhist3
9,0.004835015582330016,0.0018173930366174318,qwen3gen-tooluse-SDPO_TR-Qwen-Qwen3-4B-mbs32-tr0.1-train32-rollout8-lr1e-5-vllm0.8-newrepo-sdpo-200clean-jsdhist3
10,0.0024743105875018045,0.0,qwen3gen-tooluse-SDPO_TR-Qwen-Qwen3-4B-mbs32-tr0.1-train32-rollout8-lr1e-5-vllm0.8-newrepo-sdpo-200clean-jsdhist3
11,0.0028498205288940426,0.0,qwen3gen-tooluse-SDPO_TR-Qwen-Qwen3-4B-mbs32-tr0.1-train32-rollout8-lr1e-5-vllm0.8-newrepo-sdpo-200clean-jsdhist3
12,0.004317526765589719,0.00045936567403259687,qwen3gen-tooluse-SDPO_TR-Qwen-Qwen3-4B-mbs32-tr0.1-train32-rollout8-lr1e-5-vllm0.8-newrepo-sdpo-200clean-jsdhist3
13,0.004502443812953061,0.0019473040993034374,qwen3gen-tooluse-SDPO_TR-Qwen-Qwen3-4B-mbs32-tr0.1-train32-rollout8-lr1e-5-vllm0.8-newrepo-sdpo-200clean-jsdhist3
14,0.0027083883968543887,0.0,qwen3gen-tooluse-SDPO_TR-Qwen-Qwen3-4B-mbs32-tr0.1-train32-rollout8-lr1e-5-vllm0.8-newrepo-sdpo-200clean-jsdhist3
15,0.00638626806346565,0.003676760727103101,qwen3gen-tooluse-SDPO_TR-Qwen-Qwen3-4B-mbs32-tr0.1-train32-rollout8-lr1e-5-vllm0.8-newrepo-sdpo-200clean-jsdhist3
16,0.010875702208068105,0.0004023729961772915,qwen3gen-tooluse-SDPO_TR-Qwen-Qwen3-4B-mbs32-tr0.1-train32-rollout8-lr1e-5-vllm0.8-newrepo-sdpo-200clean-jsdhist3
17,0.009424507254152559,0.00031889245656202547,qwen3gen-tooluse-SDPO_TR-Qwen-Qwen3-4B-mbs32-tr0.1-train32-rollout8-lr1e-5-vllm0.8-newrepo-sdpo-200clean-jsdhist3
18,0.008389405008074391,0.0023741943878121674,qwen3gen-tooluse-SDPO_TR-Qwen-Qwen3-4B-mbs32-tr0.1-train32-rollout8-lr1e-5-vllm0.8-newrepo-sdpo-200clean-jsdhist3
19,0.0030414604170800885,0.0032907521817833185,qwen3gen-tooluse-SDPO_TR-Qwen-Qwen3-4B-mbs32-tr0.1-train32-rollout8-lr1e-5-vllm0.8-newrepo-sdpo-200clean-jsdhist3
20,0.007472197205743214,0.0,qwen3gen-tooluse-SDPO_TR-Qwen-Qwen3-4B-mbs32-tr0.1-train32-rollout8-lr1e-5-vllm0.8-newrepo-sdpo-200clean-jsdhist3
21,0.006844556964097137,0.00031831537125981413,qwen3gen-tooluse-SDPO_TR-Qwen-Qwen3-4B-mbs32-tr0.1-train32-rollout8-lr1e-5-vllm0.8-newrepo-sdpo-200clean-jsdhist3
22,0.005029962896514917,0.0018535221242927946,qwen3gen-tooluse-SDPO_TR-Qwen-Qwen3-4B-mbs32-tr0.1-train32-rollout8-lr1e-5-vllm0.8-newrepo-sdpo-200clean-jsdhist3
23,0.005137429533533577,0.00013675693480763584,qwen3gen-tooluse-SDPO_TR-Qwen-Qwen3-4B-mbs32-tr0.1-train32-rollout8-lr1e-5-vllm0.8-newrepo-sdpo-200clean-jsdhist3
24,0.007207601247273487,0.0,qwen3gen-tooluse-SDPO_TR-Qwen-Qwen3-4B-mbs32-tr0.1-train32-rollout8-lr1e-5-vllm0.8-newrepo-sdpo-200clean-jsdhist3
25,0.00425658606604884,0.0006320568354567513,qwen3gen-tooluse-SDPO_TR-Qwen-Qwen3-4B-mbs32-tr0.1-train32-rollout8-lr1e-5-vllm0.8-newrepo-sdpo-200clean-jsdhist3
26,0.0016787381980520877,0.0001183471831609495,qwen3gen-tooluse-SDPO_TR-Qwen-Qwen3-4B-mbs32-tr0.1-train32-rollout8-lr1e-5-vllm0.8-newrepo-sdpo-200clean-jsdhist3
27,0.003861913183982324,0.00011727643868653104,qwen3gen-tooluse-SDPO_TR-Qwen-Qwen3-4B-mbs32-tr0.1-train32-rollout8-lr1e-5-vllm0.8-newrepo-sdpo-200clean-jsdhist3
28,0.004478015653688772,0.0002885758185584564,qwen3gen-tooluse-SDPO_TR-Qwen-Qwen3-4B-mbs32-tr0.1-train32-rollout8-lr1e-5-vllm0.8-newrepo-sdpo-200clean-jsdhist3
29,0.003689261317049386,0.00043578690383583307,qwen3gen-tooluse-SDPO_TR-Qwen-Qwen3-4B-mbs32-tr0.1-train32-rollout8-lr1e-5-vllm0.8-newrepo-sdpo-200clean-jsdhist3
30,0.0055452142051422015,0.0003090459831582848,qwen3gen-tooluse-SDPO_TR-Qwen-Qwen3-4B-mbs32-tr0.1-train32-rollout8-lr1e-5-vllm0.8-newrepo-sdpo-200clean-jsdhist3
31,0.005367005565631189,0.0010766822524601594,qwen3gen-tooluse-SDPO_TR-Qwen-Qwen3-4B-mbs32-tr0.1-train32-rollout8-lr1e-5-vllm0.8-newrepo-sdpo-200clean-jsdhist3
32,0.002546361066379177,0.0007856275769881904,qwen3gen-tooluse-SDPO_TR-Qwen-Qwen3-4B-mbs32-tr0.1-train32-rollout8-lr1e-5-vllm0.8-newrepo-sdpo-200clean-jsdhist3
33,0.003831485035334481,0.0008241910836659372,qwen3gen-tooluse-SDPO_TR-Qwen-Qwen3-4B-mbs32-tr0.1-train32-rollout8-lr1e-5-vllm0.8-newrepo-sdpo-200clean-jsdhist3
34,0.005694752977028372,0.0013552907767007127,qwen3gen-tooluse-SDPO_TR-Qwen-Qwen3-4B-mbs32-tr0.1-train32-rollout8-lr1e-5-vllm0.8-newrepo-sdpo-200clean-jsdhist3
35,0.003859756703434414,0.0007920590578578413,qwen3gen-tooluse-SDPO_TR-Qwen-Qwen3-4B-mbs32-tr0.1-train32-rollout8-lr1e-5-vllm0.8-newrepo-sdpo-200clean-jsdhist3
36,0.0068576002091731425,0.0,qwen3gen-tooluse-SDPO_TR-Qwen-Qwen3-4B-mbs32-tr0.1-train32-rollout8-lr1e-5-vllm0.8-newrepo-sdpo-200clean-jsdhist3
37,0.004687775784304904,0.0,qwen3gen-tooluse-SDPO_TR-Qwen-Qwen3-4B-mbs32-tr0.1-train32-rollout8-lr1e-5-vllm0.8-newrepo-sdpo-200clean-jsdhist3
38,0.002713402790220698,0.0,qwen3gen-tooluse-SDPO_TR-Qwen-Qwen3-4B-mbs32-tr0.1-train32-rollout8-lr1e-5-vllm0.8-newrepo-sdpo-200clean-jsdhist3
39,0.003523450363900338,0.0,qwen3gen-tooluse-SDPO_TR-Qwen-Qwen3-4B-mbs32-tr0.1-train32-rollout8-lr1e-5-vllm0.8-newrepo-sdpo-200clean-jsdhist3
40,0.0015672668685056124,0.0006339139690680895,qwen3gen-tooluse-SDPO_TR-Qwen-Qwen3-4B-mbs32-tr0.1-train32-rollout8-lr1e-5-vllm0.8-newrepo-sdpo-200clean-jsdhist3
41,0.002163608939259376,0.0005842814052812173,qwen3gen-tooluse-SDPO_TR-Qwen-Qwen3-4B-mbs32-tr0.1-train32-rollout8-lr1e-5-vllm0.8-newrepo-sdpo-200clean-jsdhist3
42,0.000820097707780576,0.00042692955685197376,qwen3gen-tooluse-SDPO_TR-Qwen-Qwen3-4B-mbs32-tr0.1-train32-rollout8-lr1e-5-vllm0.8-newrepo-sdpo-200clean-jsdhist3
43,0.000350793072303901,0.0,qwen3gen-tooluse-SDPO_TR-Qwen-Qwen3-4B-mbs32-tr0.1-train32-rollout8-lr1e-5-vllm0.8-newrepo-sdpo-200clean-jsdhist3
44,0.0022354220384901424,0.0014565878173016245,qwen3gen-tooluse-SDPO_TR-Qwen-Qwen3-4B-mbs32-tr0.1-train32-rollout8-lr1e-5-vllm0.8-newrepo-sdpo-200clean-jsdhist3
45,0.001400513725576591,6.229695281945169e-05,qwen3gen-tooluse-SDPO_TR-Qwen-Qwen3-4B-mbs32-tr0.1-train32-rollout8-lr1e-5-vllm0.8-newrepo-sdpo-200clean-jsdhist3
46,0.002124810845259617,0.0003102518239757046,qwen3gen-tooluse-SDPO_TR-Qwen-Qwen3-4B-mbs32-tr0.1-train32-rollout8-lr1e-5-vllm0.8-newrepo-sdpo-200clean-jsdhist3
47,0.001687899269427362,0.00014365668903337792,qwen3gen-tooluse-SDPO_TR-Qwen-Qwen3-4B-mbs32-tr0.1-train32-rollout8-lr1e-5-vllm0.8-newrepo-sdpo-200clean-jsdhist3
48,0.003422303622414802,0.0020153468649368733,qwen3gen-tooluse-SDPO_TR-Qwen-Qwen3-4B-mbs32-tr0.1-train32-rollout8-lr1e-5-vllm0.8-newrepo-sdpo-200clean-jsdhist3
49,0.0018076099497079667,0.0,qwen3gen-tooluse-SDPO_TR-Qwen-Qwen3-4B-mbs32-tr0.1-train32-rollout8-lr1e-5-vllm0.8-newrepo-sdpo-200clean-jsdhist3
50,0.0003987480710065938,0.0,qwen3gen-tooluse-SDPO_TR-Qwen-Qwen3-4B-mbs32-tr0.1-train32-rollout8-lr1e-5-vllm0.8-newrepo-sdpo-200clean-jsdhist3
51,0.002514566185595868,2.2812960196461063e-05,qwen3gen-tooluse-SDPO_TR-Qwen-Qwen3-4B-mbs32-tr0.1-train32-rollout8-lr1e-5-vllm0.8-newrepo-sdpo-200clean-jsdhist3
52,0.0010286542719519787,0.0,qwen3gen-tooluse-SDPO_TR-Qwen-Qwen3-4B-mbs32-tr0.1-train32-rollout8-lr1e-5-vllm0.8-newrepo-sdpo-200clean-jsdhist3
53,0.00219993331810997,0.00018003751938522328,qwen3gen-tooluse-SDPO_TR-Qwen-Qwen3-4B-mbs32-tr0.1-train32-rollout8-lr1e-5-vllm0.8-newrepo-sdpo-200clean-jsdhist3
54,0.0009162428955491464,0.00011334800365148112,qwen3gen-tooluse-SDPO_TR-Qwen-Qwen3-4B-mbs32-tr0.1-train32-rollout8-lr1e-5-vllm0.8-newrepo-sdpo-200clean-jsdhist3
55,0.0019147111218060786,7.329991422011517e-05,qwen3gen-tooluse-SDPO_TR-Qwen-Qwen3-4B-mbs32-tr0.1-train32-rollout8-lr1e-5-vllm0.8-newrepo-sdpo-200clean-jsdhist3
56,0.0027548321774020224,0.001549039370729588,qwen3gen-tooluse-SDPO_TR-Qwen-Qwen3-4B-mbs32-tr0.1-train32-rollout8-lr1e-5-vllm0.8-newrepo-sdpo-200clean-jsdhist3
57,0.0035841022940985567,0.0030127282152534463,qwen3gen-tooluse-SDPO_TR-Qwen-Qwen3-4B-mbs32-tr0.1-train32-rollout8-lr1e-5-vllm0.8-newrepo-sdpo-200clean-jsdhist3
58,0.0011342656176225319,0.0025777094488148578,qwen3gen-tooluse-SDPO_TR-Qwen-Qwen3-4B-mbs32-tr0.1-train32-rollout8-lr1e-5-vllm0.8-newrepo-sdpo-200clean-jsdhist3
59,0.0021694456838758924,0.0033930896388483234,qwen3gen-tooluse-SDPO_TR-Qwen-Qwen3-4B-mbs32-tr0.1-train32-rollout8-lr1e-5-vllm0.8-newrepo-sdpo-200clean-jsdhist3
60,0.002033294696957455,0.002162497454264667,qwen3gen-tooluse-SDPO_TR-Qwen-Qwen3-4B-mbs32-tr0.1-train32-rollout8-lr1e-5-vllm0.8-newrepo-sdpo-200clean-jsdhist3
61,0.002898444619631846,0.0015240617226481845,qwen3gen-tooluse-SDPO_TR-Qwen-Qwen3-4B-mbs32-tr0.1-train32-rollout8-lr1e-5-vllm0.8-newrepo-sdpo-200clean-jsdhist3
62,0.001834235709964105,0.0009166163290501572,qwen3gen-tooluse-SDPO_TR-Qwen-Qwen3-4B-mbs32-tr0.1-train32-rollout8-lr1e-5-vllm0.8-newrepo-sdpo-200clean-jsdhist3
63,0.0028336406599009933,0.0018283399112988263,qwen3gen-tooluse-SDPO_TR-Qwen-Qwen3-4B-mbs32-tr0.1-train32-rollout8-lr1e-5-vllm0.8-newrepo-sdpo-200clean-jsdhist3
64,0.0024357936270007485,0.0019970501234638505,qwen3gen-tooluse-SDPO_TR-Qwen-Qwen3-4B-mbs32-tr0.1-train32-rollout8-lr1e-5-vllm0.8-newrepo-sdpo-200clean-jsdhist3
65,0.0029401541537481535,0.0004159971358603798,qwen3gen-tooluse-SDPO_TR-Qwen-Qwen3-4B-mbs32-tr0.1-train32-rollout8-lr1e-5-vllm0.8-newrepo-sdpo-200clean-jsdhist3
66,0.0009186352765482297,0.0003535303985700011,qwen3gen-tooluse-SDPO_TR-Qwen-Qwen3-4B-mbs32-tr0.1-train32-rollout8-lr1e-5-vllm0.8-newrepo-sdpo-200clean-jsdhist3
67,0.004210844885754739,0.0,qwen3gen-tooluse-SDPO_TR-Qwen-Qwen3-4B-mbs32-tr0.1-train32-rollout8-lr1e-5-vllm0.8-newrepo-sdpo-200clean-jsdhist3
68,0.00038824752482469194,0.0005568847791437292,qwen3gen-tooluse-SDPO_TR-Qwen-Qwen3-4B-mbs32-tr0.1-train32-rollout8-lr1e-5-vllm0.8-newrepo-sdpo-200clean-jsdhist3
69,0.004997594411491946,0.0002587777271401137,qwen3gen-tooluse-SDPO_TR-Qwen-Qwen3-4B-mbs32-tr0.1-train32-rollout8-lr1e-5-vllm0.8-newrepo-sdpo-200clean-jsdhist3
70,0.0021233039226444816,0.0005612082441075472,qwen3gen-tooluse-SDPO_TR-Qwen-Qwen3-4B-mbs32-tr0.1-train32-rollout8-lr1e-5-vllm0.8-newrepo-sdpo-200clean-jsdhist3
71,0.00312198680569864,0.0,qwen3gen-tooluse-SDPO_TR-Qwen-Qwen3-4B-mbs32-tr0.1-train32-rollout8-lr1e-5-vllm0.8-newrepo-sdpo-200clean-jsdhist3
72,0.0021876440991945856,0.0010173653063247912,qwen3gen-tooluse-SDPO_TR-Qwen-Qwen3-4B-mbs32-tr0.1-train32-rollout8-lr1e-5-vllm0.8-newrepo-sdpo-200clean-jsdhist3
73,0.0020044679054080916,0.0,qwen3gen-tooluse-SDPO_TR-Qwen-Qwen3-4B-mbs32-tr0.1-train32-rollout8-lr1e-5-vllm0.8-newrepo-sdpo-200clean-jsdhist3
74,0.0022568359395904736,0.00020458029393921606,qwen3gen-tooluse-SDPO_TR-Qwen-Qwen3-4B-mbs32-tr0.1-train32-rollout8-lr1e-5-vllm0.8-newrepo-sdpo-200clean-jsdhist3
75,0.0022194489160369812,0.002561340748798102,qwen3gen-tooluse-SDPO_TR-Qwen-Qwen3-4B-mbs32-tr0.1-train32-rollout8-lr1e-5-vllm0.8-newrepo-sdpo-200clean-jsdhist3
76,0.0021421939893571107,0.0,qwen3gen-tooluse-SDPO_TR-Qwen-Qwen3-4B-mbs32-tr0.1-train32-rollout8-lr1e-5-vllm0.8-newrepo-sdpo-200clean-jsdhist3
77,0.0016458304396564927,0.00084068370051682,qwen3gen-tooluse-SDPO_TR-Qwen-Qwen3-4B-mbs32-tr0.1-train32-rollout8-lr1e-5-vllm0.8-newrepo-sdpo-200clean-jsdhist3
78,0.0005905285491429879,0.0004699903802247718,qwen3gen-tooluse-SDPO_TR-Qwen-Qwen3-4B-mbs32-tr0.1-train32-rollout8-lr1e-5-vllm0.8-newrepo-sdpo-200clean-jsdhist3
79,0.002009606923543572,1.860151996879722e-06,qwen3gen-tooluse-SDPO_TR-Qwen-Qwen3-4B-mbs32-tr0.1-train32-rollout8-lr1e-5-vllm0.8-newrepo-sdpo-200clean-jsdhist3
80,0.0006266823834550905,0.0,qwen3gen-tooluse-SDPO_TR-Qwen-Qwen3-4B-mbs32-tr0.1-train32-rollout8-lr1e-5-vllm0.8-newrepo-sdpo-200clean-jsdhist3
81,0.0009674025845498591,2.4149373530235607e-05,qwen3gen-tooluse-SDPO_TR-Qwen-Qwen3-4B-mbs32-tr0.1-train32-rollout8-lr1e-5-vllm0.8-newrepo-sdpo-200clean-jsdhist3
82,6.767740802615663e-05,0.0,qwen3gen-tooluse-SDPO_TR-Qwen-Qwen3-4B-mbs32-tr0.1-train32-rollout8-lr1e-5-vllm0.8-newrepo-sdpo-200clean-jsdhist3
83,0.0004763331598014453,0.0,qwen3gen-tooluse-SDPO_TR-Qwen-Qwen3-4B-mbs32-tr0.1-train32-rollout8-lr1e-5-vllm0.8-newrepo-sdpo-200clean-jsdhist3
84,5.341597812247301e-05,0.0,qwen3gen-tooluse-SDPO_TR-Qwen-Qwen3-4B-mbs32-tr0.1-train32-rollout8-lr1e-5-vllm0.8-newrepo-sdpo-200clean-jsdhist3
85,0.0014857626396178603,0.0026901265810010955,qwen3gen-tooluse-SDPO_TR-Qwen-Qwen3-4B-mbs32-tr0.1-train32-rollout8-lr1e-5-vllm0.8-newrepo-sdpo-200clean-jsdhist3
86,0.0013738805238574514,0.00035334475978743285,qwen3gen-tooluse-SDPO_TR-Qwen-Qwen3-4B-mbs32-tr0.1-train32-rollout8-lr1e-5-vllm0.8-newrepo-sdpo-200clean-jsdhist3
87,8.429657862052409e-05,0.0005352454609237611,qwen3gen-tooluse-SDPO_TR-Qwen-Qwen3-4B-mbs32-tr0.1-train32-rollout8-lr1e-5-vllm0.8-newrepo-sdpo-200clean-jsdhist3
88,0.0002804017669824077,0.0,qwen3gen-tooluse-SDPO_TR-Qwen-Qwen3-4B-mbs32-tr0.1-train32-rollout8-lr1e-5-vllm0.8-newrepo-sdpo-200clean-jsdhist3
89,0.0012620001930372382,0.0007296792828128673,qwen3gen-tooluse-SDPO_TR-Qwen-Qwen3-4B-mbs32-tr0.1-train32-rollout8-lr1e-5-vllm0.8-newrepo-sdpo-200clean-jsdhist3
90,0.0009128611291373545,0.0,qwen3gen-tooluse-SDPO_TR-Qwen-Qwen3-4B-mbs32-tr0.1-train32-rollout8-lr1e-5-vllm0.8-newrepo-sdpo-200clean-jsdhist3
91,0.00043852986453885023,4.528993099484069e-05,qwen3gen-tooluse-SDPO_TR-Qwen-Qwen3-4B-mbs32-tr0.1-train32-rollout8-lr1e-5-vllm0.8-newrepo-sdpo-200clean-jsdhist3
92,0.0019465400186486903,1.0801382813951932e-05,qwen3gen-tooluse-SDPO_TR-Qwen-Qwen3-4B-mbs32-tr0.1-train32-rollout8-lr1e-5-vllm0.8-newrepo-sdpo-200clean-jsdhist3
93,0.0010121493811379167,0.0,qwen3gen-tooluse-SDPO_TR-Qwen-Qwen3-4B-mbs32-tr0.1-train32-rollout8-lr1e-5-vllm0.8-newrepo-sdpo-200clean-jsdhist3
94,0.00048538883302651215,0.00015368884851341136,qwen3gen-tooluse-SDPO_TR-Qwen-Qwen3-4B-mbs32-tr0.1-train32-rollout8-lr1e-5-vllm0.8-newrepo-sdpo-200clean-jsdhist3
95,0.001059548436709079,0.00022192525648279116,qwen3gen-tooluse-SDPO_TR-Qwen-Qwen3-4B-mbs32-tr0.1-train32-rollout8-lr1e-5-vllm0.8-newrepo-sdpo-200clean-jsdhist3
96,0.00018476288521185324,0.0,qwen3gen-tooluse-SDPO_TR-Qwen-Qwen3-4B-mbs32-tr0.1-train32-rollout8-lr1e-5-vllm0.8-newrepo-sdpo-200clean-jsdhist3
97,0.0016655720771985294,6.457394920289516e-05,qwen3gen-tooluse-SDPO_TR-Qwen-Qwen3-4B-mbs32-tr0.1-train32-rollout8-lr1e-5-vllm0.8-newrepo-sdpo-200clean-jsdhist3
98,0.0008864787657856255,0.0003612320579122752,qwen3gen-tooluse-SDPO_TR-Qwen-Qwen3-4B-mbs32-tr0.1-train32-rollout8-lr1e-5-vllm0.8-newrepo-sdpo-200clean-jsdhist3
99,0.00039986716605788786,0.0005958899710094556,qwen3gen-tooluse-SDPO_TR-Qwen-Qwen3-4B-mbs32-tr0.1-train32-rollout8-lr1e-5-vllm0.8-newrepo-sdpo-200clean-jsdhist3
100,0.0017928792220018863,0.0,qwen3gen-tooluse-SDPO_TR-Qwen-Qwen3-4B-mbs32-tr0.1-train32-rollout8-lr1e-5-vllm0.8-newrepo-sdpo-200clean-jsdhist3
101,0.002793725847134887,0.0013385832212406967,qwen3gen-tooluse-SDPO_TR-Qwen-Qwen3-4B-mbs32-tr0.1-train32-rollout8-lr1e-5-vllm0.8-newrepo-sdpo-200clean-jsdhist3
102,0.0009944933401442313,0.0,qwen3gen-tooluse-SDPO_TR-Qwen-Qwen3-4B-mbs32-tr0.1-train32-rollout8-lr1e-5-vllm0.8-newrepo-sdpo-200clean-jsdhist3
103,0.0005026904313041314,0.0020029646693728864,qwen3gen-tooluse-SDPO_TR-Qwen-Qwen3-4B-mbs32-tr0.1-train32-rollout8-lr1e-5-vllm0.8-newrepo-sdpo-200clean-jsdhist3
104,0.00014769237098910537,0.0,qwen3gen-tooluse-SDPO_TR-Qwen-Qwen3-4B-mbs32-tr0.1-train32-rollout8-lr1e-5-vllm0.8-newrepo-sdpo-200clean-jsdhist3
105,0.0003439987111546472,0.0002417638934275601,qwen3gen-tooluse-SDPO_TR-Qwen-Qwen3-4B-mbs32-tr0.1-train32-rollout8-lr1e-5-vllm0.8-newrepo-sdpo-200clean-jsdhist3
106,0.00016623679749017128,4.6504692363669164e-05,qwen3gen-tooluse-SDPO_TR-Qwen-Qwen3-4B-mbs32-tr0.1-train32-rollout8-lr1e-5-vllm0.8-newrepo-sdpo-200clean-jsdhist3
107,0.0009322569636505129,0.0,qwen3gen-tooluse-SDPO_TR-Qwen-Qwen3-4B-mbs32-tr0.1-train32-rollout8-lr1e-5-vllm0.8-newrepo-sdpo-200clean-jsdhist3
108,0.0024950583563452255,0.0012991226085432572,qwen3gen-tooluse-SDPO_TR-Qwen-Qwen3-4B-mbs32-tr0.1-train32-rollout8-lr1e-5-vllm0.8-newrepo-sdpo-200clean-jsdhist3
109,0.0010931250650634272,0.0,qwen3gen-tooluse-SDPO_TR-Qwen-Qwen3-4B-mbs32-tr0.1-train32-rollout8-lr1e-5-vllm0.8-newrepo-sdpo-200clean-jsdhist3
110,0.0005682055569575795,0.0016459741236758418,qwen3gen-tooluse-SDPO_TR-Qwen-Qwen3-4B-mbs32-tr0.1-train32-rollout8-lr1e-5-vllm0.8-newrepo-sdpo-200clean-jsdhist3
111,0.00021110816413549838,0.0010340862208977342,qwen3gen-tooluse-SDPO_TR-Qwen-Qwen3-4B-mbs32-tr0.1-train32-rollout8-lr1e-5-vllm0.8-newrepo-sdpo-200clean-jsdhist3
112,0.002975641472758639,0.0004634367651306093,qwen3gen-tooluse-SDPO_TR-Qwen-Qwen3-4B-mbs32-tr0.1-train32-rollout8-lr1e-5-vllm0.8-newrepo-sdpo-200clean-jsdhist3
113,0.0009338313882949478,0.00020104107170482166,qwen3gen-tooluse-SDPO_TR-Qwen-Qwen3-4B-mbs32-tr0.1-train32-rollout8-lr1e-5-vllm0.8-newrepo-sdpo-200clean-jsdhist3
114,0.0017725376110799829,0.0,qwen3gen-tooluse-SDPO_TR-Qwen-Qwen3-4B-mbs32-tr0.1-train32-rollout8-lr1e-5-vllm0.8-newrepo-sdpo-200clean-jsdhist3
115,0.0006657896024151455,0.0,qwen3gen-tooluse-SDPO_TR-Qwen-Qwen3-4B-mbs32-tr0.1-train32-rollout8-lr1e-5-vllm0.8-newrepo-sdpo-200clean-jsdhist3
116,0.0017963002874181733,0.0,qwen3gen-tooluse-SDPO_TR-Qwen-Qwen3-4B-mbs32-tr0.1-train32-rollout8-lr1e-5-vllm0.8-newrepo-sdpo-200clean-jsdhist3
117,0.00043798943101336363,0.0,qwen3gen-tooluse-SDPO_TR-Qwen-Qwen3-4B-mbs32-tr0.1-train32-rollout8-lr1e-5-vllm0.8-newrepo-sdpo-200clean-jsdhist3
118,0.0008143737131537376,0.0,qwen3gen-tooluse-SDPO_TR-Qwen-Qwen3-4B-mbs32-tr0.1-train32-rollout8-lr1e-5-vllm0.8-newrepo-sdpo-200clean-jsdhist3
119,0.0014577297012410284,0.000576511044300787,qwen3gen-tooluse-SDPO_TR-Qwen-Qwen3-4B-mbs32-tr0.1-train32-rollout8-lr1e-5-vllm0.8-newrepo-sdpo-200clean-jsdhist3
120,0.0005260069009462853,0.0,qwen3gen-tooluse-SDPO_TR-Qwen-Qwen3-4B-mbs32-tr0.1-train32-rollout8-lr1e-5-vllm0.8-newrepo-sdpo-200clean-jsdhist3
121,0.0012905132305149891,0.0008487425983503272,qwen3gen-tooluse-SDPO_TR-Qwen-Qwen3-4B-mbs32-tr0.1-train32-rollout8-lr1e-5-vllm0.8-newrepo-sdpo-200clean-jsdhist3
122,0.002263829089192093,0.0003875545044138562,qwen3gen-tooluse-SDPO_TR-Qwen-Qwen3-4B-mbs32-tr0.1-train32-rollout8-lr1e-5-vllm0.8-newrepo-sdpo-200clean-jsdhist3
123,0.0003624697918809261,2.075189740935457e-06,qwen3gen-tooluse-SDPO_TR-Qwen-Qwen3-4B-mbs32-tr0.1-train32-rollout8-lr1e-5-vllm0.8-newrepo-sdpo-200clean-jsdhist3
124,0.0020336881126681305,0.000187557407116401,qwen3gen-tooluse-SDPO_TR-Qwen-Qwen3-4B-mbs32-tr0.1-train32-rollout8-lr1e-5-vllm0.8-newrepo-sdpo-200clean-jsdhist3
125,0.0005478967393273138,0.001008392894618737,qwen3gen-tooluse-SDPO_TR-Qwen-Qwen3-4B-mbs32-tr0.1-train32-rollout8-lr1e-5-vllm0.8-newrepo-sdpo-200clean-jsdhist3
126,0.0010523630152761143,0.0014443941004174121,qwen3gen-tooluse-SDPO_TR-Qwen-Qwen3-4B-mbs32-tr0.1-train32-rollout8-lr1e-5-vllm0.8-newrepo-sdpo-200clean-jsdhist3
127,0.0018832939023933903,0.002423314236693841,qwen3gen-tooluse-SDPO_TR-Qwen-Qwen3-4B-mbs32-tr0.1-train32-rollout8-lr1e-5-vllm0.8-newrepo-sdpo-200clean-jsdhist3
128,0.001402478203694102,0.00036239446490071714,qwen3gen-tooluse-SDPO_TR-Qwen-Qwen3-4B-mbs32-tr0.1-train32-rollout8-lr1e-5-vllm0.8-newrepo-sdpo-200clean-jsdhist3
129,0.0007303505855187353,0.00011312223523418652,qwen3gen-tooluse-SDPO_TR-Qwen-Qwen3-4B-mbs32-tr0.1-train32-rollout8-lr1e-5-vllm0.8-newrepo-sdpo-200clean-jsdhist3
130,0.00158251162250167,0.0003746514339582063,qwen3gen-tooluse-SDPO_TR-Qwen-Qwen3-4B-mbs32-tr0.1-train32-rollout8-lr1e-5-vllm0.8-newrepo-sdpo-200clean-jsdhist3
131,0.0005959310715897281,0.00046421634760918096,qwen3gen-tooluse-SDPO_TR-Qwen-Qwen3-4B-mbs32-tr0.1-train32-rollout8-lr1e-5-vllm0.8-newrepo-sdpo-200clean-jsdhist3
132,0.0014853144259632245,0.001365382722724462,qwen3gen-tooluse-SDPO_TR-Qwen-Qwen3-4B-mbs32-tr0.1-train32-rollout8-lr1e-5-vllm0.8-newrepo-sdpo-200clean-jsdhist3
133,0.0015066492694133515,0.0,qwen3gen-tooluse-SDPO_TR-Qwen-Qwen3-4B-mbs32-tr0.1-train32-rollout8-lr1e-5-vllm0.8-newrepo-sdpo-200clean-jsdhist3
134,0.0001957310267091117,0.0,qwen3gen-tooluse-SDPO_TR-Qwen-Qwen3-4B-mbs32-tr0.1-train32-rollout8-lr1e-5-vllm0.8-newrepo-sdpo-200clean-jsdhist3
135,0.0013266415593307102,0.00017606245455681346,qwen3gen-tooluse-SDPO_TR-Qwen-Qwen3-4B-mbs32-tr0.1-train32-rollout8-lr1e-5-vllm0.8-newrepo-sdpo-200clean-jsdhist3
136,0.00047581410630392895,5.183173925615847e-05,qwen3gen-tooluse-SDPO_TR-Qwen-Qwen3-4B-mbs32-tr0.1-train32-rollout8-lr1e-5-vllm0.8-newrepo-sdpo-200clean-jsdhist3
137,0.002230293632203839,9.16049066290725e-06,qwen3gen-tooluse-SDPO_TR-Qwen-Qwen3-4B-mbs32-tr0.1-train32-rollout8-lr1e-5-vllm0.8-newrepo-sdpo-200clean-jsdhist3
138,0.000897933479071078,0.0005374962383939419,qwen3gen-tooluse-SDPO_TR-Qwen-Qwen3-4B-mbs32-tr0.1-train32-rollout8-lr1e-5-vllm0.8-newrepo-sdpo-200clean-jsdhist3
139,0.0018224886348685576,0.0,qwen3gen-tooluse-SDPO_TR-Qwen-Qwen3-4B-mbs32-tr0.1-train32-rollout8-lr1e-5-vllm0.8-newrepo-sdpo-200clean-jsdhist3
140,0.0007028919579425974,0.0009105646313400939,qwen3gen-tooluse-SDPO_TR-Qwen-Qwen3-4B-mbs32-tr0.1-train32-rollout8-lr1e-5-vllm0.8-newrepo-sdpo-200clean-jsdhist3
141,0.0009129258529738671,0.00014711229596287012,qwen3gen-tooluse-SDPO_TR-Qwen-Qwen3-4B-mbs32-tr0.1-train32-rollout8-lr1e-5-vllm0.8-newrepo-sdpo-200clean-jsdhist3
142,0.00020157873382364855,0.0,qwen3gen-tooluse-SDPO_TR-Qwen-Qwen3-4B-mbs32-tr0.1-train32-rollout8-lr1e-5-vllm0.8-newrepo-sdpo-200clean-jsdhist3
143,0.001027969545579488,0.0011822358355857432,qwen3gen-tooluse-SDPO_TR-Qwen-Qwen3-4B-mbs32-tr0.1-train32-rollout8-lr1e-5-vllm0.8-newrepo-sdpo-200clean-jsdhist3
144,1.2420461414697215e-05,0.0,qwen3gen-tooluse-SDPO_TR-Qwen-Qwen3-4B-mbs32-tr0.1-train32-rollout8-lr1e-5-vllm0.8-newrepo-sdpo-200clean-jsdhist3
145,0.0001586465734204623,0.0,qwen3gen-tooluse-SDPO_TR-Qwen-Qwen3-4B-mbs32-tr0.1-train32-rollout8-lr1e-5-vllm0.8-newrepo-sdpo-200clean-jsdhist3
146,0.0005005899552994464,0.0012723070103675127,qwen3gen-tooluse-SDPO_TR-Qwen-Qwen3-4B-mbs32-tr0.1-train32-rollout8-lr1e-5-vllm0.8-newrepo-sdpo-200clean-jsdhist3
147,0.0004851562337782056,0.0013883468632229778,qwen3gen-tooluse-SDPO_TR-Qwen-Qwen3-4B-mbs32-tr0.1-train32-rollout8-lr1e-5-vllm0.8-newrepo-sdpo-200clean-jsdhist3
148,0.0006713095056096741,0.0,qwen3gen-tooluse-SDPO_TR-Qwen-Qwen3-4B-mbs32-tr0.1-train32-rollout8-lr1e-5-vllm0.8-newrepo-sdpo-200clean-jsdhist3
149,0.0019492575028454695,0.0004960290971212089,qwen3gen-tooluse-SDPO_TR-Qwen-Qwen3-4B-mbs32-tr0.1-train32-rollout8-lr1e-5-vllm0.8-newrepo-sdpo-200clean-jsdhist3
150,0.00447301352370566,0.0008707604429218918,qwen3gen-tooluse-SDPO_TR-Qwen-Qwen3-4B-mbs32-tr0.1-train32-rollout8-lr1e-5-vllm0.8-newrepo-sdpo-200clean-jsdhist3
151,0.0008157404692830106,0.0,qwen3gen-tooluse-SDPO_TR-Qwen-Qwen3-4B-mbs32-tr0.1-train32-rollout8-lr1e-5-vllm0.8-newrepo-sdpo-200clean-jsdhist3
152,8.349875129098905e-06,0.0,qwen3gen-tooluse-SDPO_TR-Qwen-Qwen3-4B-mbs32-tr0.1-train32-rollout8-lr1e-5-vllm0.8-newrepo-sdpo-200clean-jsdhist3
153,0.0013007227989723091,0.0,qwen3gen-tooluse-SDPO_TR-Qwen-Qwen3-4B-mbs32-tr0.1-train32-rollout8-lr1e-5-vllm0.8-newrepo-sdpo-200clean-jsdhist3
154,0.0005752210637446353,8.225112105719745e-05,qwen3gen-tooluse-SDPO_TR-Qwen-Qwen3-4B-mbs32-tr0.1-train32-rollout8-lr1e-5-vllm0.8-newrepo-sdpo-200clean-jsdhist3
155,0.001010431023887648,9.22321396501502e-06,qwen3gen-tooluse-SDPO_TR-Qwen-Qwen3-4B-mbs32-tr0.1-train32-rollout8-lr1e-5-vllm0.8-newrepo-sdpo-200clean-jsdhist3
156,0.0007718966959049389,9.056267344931257e-07,qwen3gen-tooluse-SDPO_TR-Qwen-Qwen3-4B-mbs32-tr0.1-train32-rollout8-lr1e-5-vllm0.8-newrepo-sdpo-200clean-jsdhist3
157,0.000615842329517946,0.00043423782335594296,qwen3gen-tooluse-SDPO_TR-Qwen-Qwen3-4B-mbs32-tr0.1-train32-rollout8-lr1e-5-vllm0.8-newrepo-sdpo-200clean-jsdhist3
158,0.0008890938230621259,0.00031365018730866723,qwen3gen-tooluse-SDPO_TR-Qwen-Qwen3-4B-mbs32-tr0.1-train32-rollout8-lr1e-5-vllm0.8-newrepo-sdpo-200clean-jsdhist3
159,0.0007803464155200501,0.00011085403093602508,qwen3gen-tooluse-SDPO_TR-Qwen-Qwen3-4B-mbs32-tr0.1-train32-rollout8-lr1e-5-vllm0.8-newrepo-sdpo-200clean-jsdhist3
160,0.0015190522443617738,0.00027154223062098026,qwen3gen-tooluse-SDPO_TR-Qwen-Qwen3-4B-mbs32-tr0.1-train32-rollout8-lr1e-5-vllm0.8-newrepo-sdpo-200clean-jsdhist3
161,0.00017610574859006078,0.0,qwen3gen-tooluse-SDPO_TR-Qwen-Qwen3-4B-mbs32-tr0.1-train32-rollout8-lr1e-5-vllm0.8-newrepo-sdpo-200clean-jsdhist3
162,0.0006319596012431816,0.0,qwen3gen-tooluse-SDPO_TR-Qwen-Qwen3-4B-mbs32-tr0.1-train32-rollout8-lr1e-5-vllm0.8-newrepo-sdpo-200clean-jsdhist3
163,0.0002605270328266407,8.178662028512917e-06,qwen3gen-tooluse-SDPO_TR-Qwen-Qwen3-4B-mbs32-tr0.1-train32-rollout8-lr1e-5-vllm0.8-newrepo-sdpo-200clean-jsdhist3
164,0.0005612202247888831,0.0013357265283957531,qwen3gen-tooluse-SDPO_TR-Qwen-Qwen3-4B-mbs32-tr0.1-train32-rollout8-lr1e-5-vllm0.8-newrepo-sdpo-200clean-jsdhist3
165,0.00031273750664428945,0.0,qwen3gen-tooluse-SDPO_TR-Qwen-Qwen3-4B-mbs32-tr0.1-train32-rollout8-lr1e-5-vllm0.8-newrepo-sdpo-200clean-jsdhist3
166,0.002307672061328425,7.283692684723064e-05,qwen3gen-tooluse-SDPO_TR-Qwen-Qwen3-4B-mbs32-tr0.1-train32-rollout8-lr1e-5-vllm0.8-newrepo-sdpo-200clean-jsdhist3
167,0.0008409684005314944,0.00010547983401920646,qwen3gen-tooluse-SDPO_TR-Qwen-Qwen3-4B-mbs32-tr0.1-train32-rollout8-lr1e-5-vllm0.8-newrepo-sdpo-200clean-jsdhist3
168,0.0004762788407504104,0.0,qwen3gen-tooluse-SDPO_TR-Qwen-Qwen3-4B-mbs32-tr0.1-train32-rollout8-lr1e-5-vllm0.8-newrepo-sdpo-200clean-jsdhist3
169,0.0003346169732321158,0.0,qwen3gen-tooluse-SDPO_TR-Qwen-Qwen3-4B-mbs32-tr0.1-train32-rollout8-lr1e-5-vllm0.8-newrepo-sdpo-200clean-jsdhist3
170,0.0007454063230980523,0.000751705181755824,qwen3gen-tooluse-SDPO_TR-Qwen-Qwen3-4B-mbs32-tr0.1-train32-rollout8-lr1e-5-vllm0.8-newrepo-sdpo-200clean-jsdhist3
171,0.0001763350960324317,0.0,qwen3gen-tooluse-SDPO_TR-Qwen-Qwen3-4B-mbs32-tr0.1-train32-rollout8-lr1e-5-vllm0.8-newrepo-sdpo-200clean-jsdhist3
172,0.0007596288136966223,0.00017356638636556454,qwen3gen-tooluse-SDPO_TR-Qwen-Qwen3-4B-mbs32-tr0.1-train32-rollout8-lr1e-5-vllm0.8-newrepo-sdpo-200clean-jsdhist3
173,0.0011079561126017268,0.000428411818575114,qwen3gen-tooluse-SDPO_TR-Qwen-Qwen3-4B-mbs32-tr0.1-train32-rollout8-lr1e-5-vllm0.8-newrepo-sdpo-200clean-jsdhist3
174,0.0008726189433616582,0.0005822535313200206,qwen3gen-tooluse-SDPO_TR-Qwen-Qwen3-4B-mbs32-tr0.1-train32-rollout8-lr1e-5-vllm0.8-newrepo-sdpo-200clean-jsdhist3
175,0.0014421370915767007,0.0,qwen3gen-tooluse-SDPO_TR-Qwen-Qwen3-4B-mbs32-tr0.1-train32-rollout8-lr1e-5-vllm0.8-newrepo-sdpo-200clean-jsdhist3
176,0.0011311385169392452,0.0012838137026847107,qwen3gen-tooluse-SDPO_TR-Qwen-Qwen3-4B-mbs32-tr0.1-train32-rollout8-lr1e-5-vllm0.8-newrepo-sdpo-200clean-jsdhist3
177,0.0010868166013437985,0.0,qwen3gen-tooluse-SDPO_TR-Qwen-Qwen3-4B-mbs32-tr0.1-train32-rollout8-lr1e-5-vllm0.8-newrepo-sdpo-200clean-jsdhist3
178,0.0005453231997236685,0.0,qwen3gen-tooluse-SDPO_TR-Qwen-Qwen3-4B-mbs32-tr0.1-train32-rollout8-lr1e-5-vllm0.8-newrepo-sdpo-200clean-jsdhist3
179,0.000877364489952015,0.0028176905179861933,qwen3gen-tooluse-SDPO_TR-Qwen-Qwen3-4B-mbs32-tr0.1-train32-rollout8-lr1e-5-vllm0.8-newrepo-sdpo-200clean-jsdhist3
180,0.001913974752576486,0.0,qwen3gen-tooluse-SDPO_TR-Qwen-Qwen3-4B-mbs32-tr0.1-train32-rollout8-lr1e-5-vllm0.8-newrepo-sdpo-200clean-jsdhist3
181,0.0025923000083700742,6.659951395704411e-05,qwen3gen-tooluse-SDPO_TR-Qwen-Qwen3-4B-mbs32-tr0.1-train32-rollout8-lr1e-5-vllm0.8-newrepo-sdpo-200clean-jsdhist3
182,0.0011147061430261118,0.0,qwen3gen-tooluse-SDPO_TR-Qwen-Qwen3-4B-mbs32-tr0.1-train32-rollout8-lr1e-5-vllm0.8-newrepo-sdpo-200clean-jsdhist3
183,0.0006823299003357874,0.0003893339235219173,qwen3gen-tooluse-SDPO_TR-Qwen-Qwen3-4B-mbs32-tr0.1-train32-rollout8-lr1e-5-vllm0.8-newrepo-sdpo-200clean-jsdhist3
184,0.00026413231980182417,0.0007940029972814955,qwen3gen-tooluse-SDPO_TR-Qwen-Qwen3-4B-mbs32-tr0.1-train32-rollout8-lr1e-5-vllm0.8-newrepo-sdpo-200clean-jsdhist3
185,0.0007455364391839581,0.0013711519732169108,qwen3gen-tooluse-SDPO_TR-Qwen-Qwen3-4B-mbs32-tr0.1-train32-rollout8-lr1e-5-vllm0.8-newrepo-sdpo-200clean-jsdhist3
186,0.0015296686514787439,0.00028852080504293554,qwen3gen-tooluse-SDPO_TR-Qwen-Qwen3-4B-mbs32-tr0.1-train32-rollout8-lr1e-5-vllm0.8-newrepo-sdpo-200clean-jsdhist3
187,0.0012180668885122259,0.0007334563415497541,qwen3gen-tooluse-SDPO_TR-Qwen-Qwen3-4B-mbs32-tr0.1-train32-rollout8-lr1e-5-vllm0.8-newrepo-sdpo-200clean-jsdhist3
188,0.0004589736797431243,0.0,qwen3gen-tooluse-SDPO_TR-Qwen-Qwen3-4B-mbs32-tr0.1-train32-rollout8-lr1e-5-vllm0.8-newrepo-sdpo-200clean-jsdhist3
189,0.0004734598885498542,0.0002511641905584838,qwen3gen-tooluse-SDPO_TR-Qwen-Qwen3-4B-mbs32-tr0.1-train32-rollout8-lr1e-5-vllm0.8-newrepo-sdpo-200clean-jsdhist3
190,0.0016134676064041287,0.002502032119082287,qwen3gen-tooluse-SDPO_TR-Qwen-Qwen3-4B-mbs32-tr0.1-train32-rollout8-lr1e-5-vllm0.8-newrepo-sdpo-200clean-jsdhist3
191,6.628349547099788e-05,0.003113725484581664,qwen3gen-tooluse-SDPO_TR-Qwen-Qwen3-4B-mbs32-tr0.1-train32-rollout8-lr1e-5-vllm0.8-newrepo-sdpo-200clean-jsdhist3
192,0.0011441595374321878,0.0019302069595141802,qwen3gen-tooluse-SDPO_TR-Qwen-Qwen3-4B-mbs32-tr0.1-train32-rollout8-lr1e-5-vllm0.8-newrepo-sdpo-200clean-jsdhist3
193,0.00048819568976599115,0.0006635547615587711,qwen3gen-tooluse-SDPO_TR-Qwen-Qwen3-4B-mbs32-tr0.1-train32-rollout8-lr1e-5-vllm0.8-newrepo-sdpo-200clean-jsdhist3
194,0.0006551159339593937,0.0008460460339847486,qwen3gen-tooluse-SDPO_TR-Qwen-Qwen3-4B-mbs32-tr0.1-train32-rollout8-lr1e-5-vllm0.8-newrepo-sdpo-200clean-jsdhist3
195,0.0012429491369760903,0.0006601711211260408,qwen3gen-tooluse-SDPO_TR-Qwen-Qwen3-4B-mbs32-tr0.1-train32-rollout8-lr1e-5-vllm0.8-newrepo-sdpo-200clean-jsdhist3
196,0.001673042479832354,0.0006897210496390471,qwen3gen-tooluse-SDPO_TR-Qwen-Qwen3-4B-mbs32-tr0.1-train32-rollout8-lr1e-5-vllm0.8-newrepo-sdpo-200clean-jsdhist3
197,0.0013228098745088346,0.0006776093650842085,qwen3gen-tooluse-SDPO_TR-Qwen-Qwen3-4B-mbs32-tr0.1-train32-rollout8-lr1e-5-vllm0.8-newrepo-sdpo-200clean-jsdhist3
198,0.0001174550906934968,0.00040488498780177906,qwen3gen-tooluse-SDPO_TR-Qwen-Qwen3-4B-mbs32-tr0.1-train32-rollout8-lr1e-5-vllm0.8-newrepo-sdpo-200clean-jsdhist3
199,0.001098128054096037,0.0,qwen3gen-tooluse-SDPO_TR-Qwen-Qwen3-4B-mbs32-tr0.1-train32-rollout8-lr1e-5-vllm0.8-newrepo-sdpo-200clean-jsdhist3
200,0.000597567539443844,0.0,qwen3gen-tooluse-SDPO_TR-Qwen-Qwen3-4B-mbs32-tr0.1-train32-rollout8-lr1e-5-vllm0.8-newrepo-sdpo-200clean-jsdhist3
